pm2_5,city,co,pm10,level,o3,spider,so2,crawl_time,date,aqi,no2
51,白城,0.8,75,良,44,,53,,2014-12-31,70,24
244,保定,4.2,377,重度污染,29,,144,,2013-12-02,294,138
48,北海,1.5,78,良,122,,15,,2013-12-02,68,28
3,安阳,2.9,0,良,0,,0,,2013-05-13,85,0
43,白城,0.7,66,良,40,,40,,2015-02-01,60,33
49,白城,0.9,64,良,42,,37,,2015-01-01,68,17
51,保定,0.9,98,良,102,,24,,2014-06-01,74,17
111,保定,1.9,255,中度污染,107,,26,,2014-05-01,153,27
84,保定,0.7,168,轻度污染,80,,29,,2014-04-01,111,44
132,保定,3.4,230,中度污染,65,,117,,2014-03-01,174,73
133,保定,2.8,229,中度污染,32,,77,,2014-02-01,175,52
77,保定,1.8,185,轻度污染,48,,64,,2014-01-01,117,57
26,北海,1.2,50,良,119,,11,,2014-10-01,66,13
3,北海,1.2,17,优,47,,8,,2014-09-01,24,11
6,北海,0.8,25,优,60,,16,,2014-08-01,30,7
3,北海,1.2,28,优,58,,9,,2014-07-01,29,8
7,北海,1.1,35,优,73,,10,,2014-06-01,37,10
34,北海,1.4,62,良,76,,8,,2014-05-01,56,10
43,北海,1.5,73,良,79,,18,,2014-04-01,62,13
24,北海,0.6,51,优,68,,10,,2014-03-01,50,6
42,北海,1.4,65,良,73,,10,,2014-02-01,58,9
131,北海,1.6,167,中度污染,148,,29,,2014-01-01,173,28
108,安阳,2.6,0,轻度污染,55,,103,,2014-03-01,142,57
158,安阳,4.7,181,重度污染,41,,96,,2014-02-01,208,67
65,安阳,2.6,106,良,51,,72,,2014-01-01,88,67
74,安阳,2.9,129,良,35,,76,,2013-12-31,99,68
125,安阳,2.5,112,中度污染,55,,67,,2013-11-01,165,52
0,安阳,3.1,198,轻度污染,184,,95,,2013-10-01,130,80
0,安阳,2.1,96,轻度污染,207,,54,,2013-09-01,143,41
3,安阳,1.2,62,重度污染,168,,32,,2013-08-01,216,29
3,安阳,0.9,101,重度污染,0,,5,,2013-07-01,215,21
3,安阳,1.6,86,良,0,,27,,2013-06-01,74,35
279,保定,5.2,426,严重污染,44,,123,,2013-12-03,329,107
64,北海,1.4,91,良,136,,15,,2013-12-03,86,34
3,安阳,3.4,185,轻度污染,0,,77,,2013-05-14,118,61
87,白城,0.9,114,轻度污染,56,,26,,2016-11-01,115,27
32,白城,0.4,54,良,96,,7,,2016-10-01,52,14
25,白城,0.4,42,优,60,,5,,2016-09-01,42,10
47,白城,0.8,82,良,124,,5,,2016-08-01,70,24
32,白城,0.7,42,优,78,,8,,2016-07-01,46,20
42,白城,0.6,57,良,116,,4,,2016-06-01,64,20
82,白城,0.9,129,轻度污染,124,,10,,2016-05-01,109,25
75,白城,0.8,258,中度污染,66,,9,,2016-04-01,154,16
28,白城,0.6,52,良,70,,14,,2016-03-01,51,13
44,白城,0.6,46,良,65,,23,,2016-02-01,62,19
104,白城,1.1,132,轻度污染,44,,41,,2016-01-01,137,35
90,白城,0.9,106,轻度污染,32,,40,,2015-12-01,119,22
44,白城,0.4,56,良,72,,6,,2015-09-01,62,14
42,白城,0.3,80,良,134,,5,,2015-08-01,79,22
27,白城,0.2,37,优,79,,2,,2015-07-01,40,8
32,白城,0.2,67,良,87,,4,,2015-06-01,58,14
56,白城,0.4,118,良,110,,5,,2015-05-01,84,22
49,白城,0.2,87,良,103,,12,,2015-04-01,68,19
44,白城,0.5,53,良,81,,31,,2015-03-01,61,17
54,保定,0.6,226,轻度污染,134,,28,,2016-04-01,138,48
103,保定,2.6,151,轻度污染,69,,98,,2016-03-01,135,99
153,保定,3.6,187,重度污染,65,,98,,2016-02-01,203,86
243,保定,6.1,324,重度污染,12,,122,,2016-01-01,293,149
176,保定,3.6,294,重度污染,25,,88,,2015-12-01,226,71
112,保定,1.7,194,轻度污染,39,,67,,2015-11-01,147,94
17,保定,0.4,52,良,76,,14,,2015-10-01,51,30
19,保定,0.4,37,优,73,,8,,2015-09-01,37,16
48,保定,1,91,良,81,,20,,2015-08-01,71,29
83,白城,1,118,轻度污染,31,,51,,2015-02-02,110,45
40,白城,0.7,66,良,50,,53,,2015-01-02,58,17
32,保定,0.9,73,良,97,,21,,2014-06-02,61,13
28,保定,1,96,良,83,,5,,2014-05-02,73,15
119,保定,0.7,273,中度污染,89,,38,,2014-04-02,162,45
189,保定,4.1,311,重度污染,52,,126,,2014-03-02,239,93
203,保定,3.1,350,重度污染,39,,92,,2014-02-02,253,59
228,保定,4.8,375,重度污染,25,,134,,2014-01-02,278,124
35,北海,1.3,57,良,123,,10,,2014-10-02,69,14
2,北海,1.2,15,优,59,,7,,2014-09-02,30,9
4,北海,0.8,22,优,61,,16,,2014-08-02,31,6
7,北海,1.1,34,优,56,,10,,2014-07-02,34,7
7,北海,1.2,34,优,76,,11,,2014-06-02,38,8
32,北海,1.4,64,良,78,,10,,2014-05-02,57,9
37,北海,1.6,81,良,69,,15,,2014-04-02,66,11
49,北海,1.3,87,良,47,,11,,2014-03-02,68,7
41,保定,0.6,84,良,111,,18,,2015-07-01,67,35
24,北海,1.5,61,良,62,,7,,2014-02-02,56,10
95,北海,1.2,131,轻度污染,151,,16,,2014-01-02,125,21
168,安阳,2.4,247,重度污染,27,,116,,2014-03-02,218,71
95,安阳,1.6,121,轻度污染,78,,60,,2014-03-03,125,40
77,安阳,3,75,轻度污染,72,,32,,2014-02-03,103,33
65,安阳,3.7,76,良,65,,30,,2014-02-04,94,31
148,安阳,6.2,231,中度污染,32,,131,,2014-01-02,198,95
137,安阳,5.7,212,中度污染,45,,102,,2013-12-01,182,84
140,安阳,2.3,138,中度污染,53,,47,,2013-11-02,186,47
0,安阳,2.2,96,轻度污染,197,,82,,2013-10-02,134,62
0,安阳,2.2,88,轻度污染,167,,54,,2013-09-02,107,45
3,安阳,1.5,106,重度污染,225,,38,,2013-08-02,216,33
3,安阳,1.2,94,轻度污染,0,,10,,2013-07-02,146,30
3,安阳,1.6,81,轻度污染,0,,28,,2013-06-02,116,26
223,保定,3.8,357,重度污染,23,,141,,2013-12-04,273,101
84,北海,1.4,114,轻度污染,149,,15,,2013-12-04,111,36
3,安阳,2,112,良,0,,0,,2013-05-15,81,34
152,白城,1.3,189,重度污染,72,,40,,2016-11-02,202,44
24,白城,0.7,52,良,70,,6,,2016-10-02,51,18
28,白城,0.4,33,优,46,,6,,2016-09-02,40,12
36,白城,0.6,68,良,94,,5,,2016-08-02,59,16
36,白城,0.6,52,良,95,,8,,2016-07-02,52,22
41,白城,0.6,54,良,133,,5,,2016-06-02,78,14
44,白城,0.7,61,良,92,,8,,2016-05-02,62,24
24,白城,0.5,84,良,52,,6,,2016-04-02,67,10
62,白城,0.9,86,良,62,,30,,2016-03-02,84,29
48,白城,0.7,66,良,68,,26,,2016-02-02,67,21
200,白城,1.8,232,重度污染,34,,42,,2016-01-02,250,53
94,白城,0.9,122,轻度污染,28,,38,,2015-12-02,124,14
46,白城,0.6,57,良,58,,8,,2015-09-02,64,12
60,白城,0.5,84,良,95,,12,,2015-08-02,82,10
36,白城,0.3,46,良,73,,2,,2015-07-02,51,9
26,白城,0.3,44,优,85,,6,,2015-06-02,44,19
66,白城,0.4,97,良,111,,4,,2015-05-02,89,19
61,白城,0.3,90,良,78,,21,,2015-04-02,82,30
43,白城,0.6,51,良,78,,37,,2015-03-02,60,21
16,保定,0.5,56,良,111,,11,,2016-04-02,60,27
78,保定,1.9,130,轻度污染,87,,84,,2016-03-02,104,78
152,保定,4,196,重度污染,56,,119,,2016-02-02,202,98
395,保定,7.5,517,严重污染,18,,138,,2016-01-02,430,180
80,保定,1.8,154,轻度污染,51,,43,,2015-12-02,107,44
76,保定,1.5,147,轻度污染,48,,54,,2015-11-02,102,79
38,保定,0.6,101,良,94,,17,,2015-10-02,76,50
17,保定,0.3,36,优,81,,9,,2015-09-02,41,22
87,保定,1.2,152,轻度污染,91,,20,,2015-08-02,115,38
110,白城,1,150,轻度污染,31,,57,,2015-02-03,144,45
65,白城,0.8,97,良,33,,40,,2015-02-04,87,31
56,白城,0.9,90,良,40,,57,,2015-01-03,77,21
45,保定,0.9,115,良,129,,27,,2014-06-03,82,35
58,保定,1.2,133,轻度污染,170,,55,,2014-06-04,109,34
45,保定,0.9,211,轻度污染,78,,22,,2014-05-03,130,27
46,保定,0.5,139,良,86,,33,,2014-04-03,95,34
232,保定,4.6,364,重度污染,37,,94,,2014-03-03,282,98
44,保定,1.5,116,良,68,,44,,2014-02-03,83,28
201,保定,4.4,347,重度污染,30,,111,,2014-01-03,251,97
37,北海,1.4,60,良,130,,11,,2014-10-03,75,15
7,北海,1.1,20,优,63,,8,,2014-09-03,32,10
6,北海,0.8,25,优,72,,15,,2014-08-03,36,8
8,北海,1.1,36,优,52,,9,,2014-07-03,36,5
8,北海,1.3,31,优,92,,11,,2014-06-03,46,9
27,北海,1.2,55,良,132,,10,,2014-05-03,77,7
24,北海,1.6,62,良,60,,14,,2014-04-03,56,14
39,北海,1.5,68,良,35,,9,,2014-03-03,59,7
18,保定,0.5,45,良,131,,15,,2015-07-02,76,33
20,北海,1.6,46,优,64,,8,,2014-02-03,46,11
94,北海,1.3,123,轻度污染,121,,17,,2014-01-03,124,21
101,安阳,2.1,144,轻度污染,58,,65,,2014-03-04,133,48
68,安阳,2.5,42,良,55,,24,,2014-02-05,92,21
105,安阳,3.5,97,轻度污染,32,,69,,2014-02-06,138,46
97,安阳,3.2,151,轻度污染,51,,104,,2014-01-03,128,74
160,安阳,5.7,218,重度污染,44,,108,,2013-12-02,210,97
142,安阳,4.5,175,中度污染,94,,65,,2013-11-03,189,67
0,安阳,2.3,194,轻度污染,193,,74,,2013-10-03,130,70
0,安阳,2.7,114,轻度污染,202,,61,,2013-09-03,139,50
3,安阳,1.3,90,中度污染,160,,21,,2013-08-03,182,30
3,安阳,1.3,149,轻度污染,0,,16,,2013-07-03,121,34
3,安阳,1.8,100,轻度污染,0,,46,,2013-06-03,113,39
105,保定,2.8,187,轻度污染,27,,95,,2013-12-05,137,81
101,北海,1.5,133,轻度污染,127,,20,,2013-12-05,132,30
3,安阳,1.7,0,优,0,,0,,2013-05-16,44,0
50,白城,0.6,64,良,47,,10,,2016-11-03,69,24
26,白城,0.5,43,优,60,,2,,2016-10-03,43,15
58,白城,0.8,76,轻度污染,172,,6,,2016-09-03,111,14
37,白城,0.7,62,良,111,,4,,2016-08-03,60,13
43,白城,0.7,71,良,136,,8,,2016-07-03,80,22
42,白城,0.6,64,良,130,,6,,2016-06-03,75,18
40,白城,0.6,92,良,94,,6,,2016-05-03,71,20
22,白城,0.5,48,优,56,,5,,2016-04-03,48,12
69,白城,0.8,88,良,84,,37,,2016-03-03,93,24
34,白城,0.4,48,优,73,,16,,2016-02-03,49,15
134,白城,1.4,154,中度污染,36,,36,,2016-01-03,178,34
35,白城,0.5,78,良,32,,20,,2015-12-03,64,7
32,白城,0.4,49,优,70,,6,,2015-09-03,49,16
38,白城,0.3,58,良,66,,11,,2015-09-04,54,12
39,白城,0.5,54,良,76,,6,,2015-08-03,55,12
28,白城,0.3,44,优,82,,3,,2015-07-03,44,11
25,白城,0.3,51,优,95,,8,,2015-06-03,50,19
56,白城,0.2,119,良,94,,3,,2015-05-03,85,13
67,白城,0.2,89,良,90,,8,,2015-04-03,90,22
48,白城,0.5,125,良,97,,33,,2015-03-03,87,13
47,白城,0.6,85,良,91,,50,,2015-03-04,67,25
23,保定,0.5,62,良,113,,12,,2016-04-03,61,25
145,保定,2.8,224,中度污染,102,,98,,2016-03-03,193,91
183,保定,4.5,228,重度污染,52,,114,,2016-02-03,233,105
122,保定,3.2,159,中度污染,55,,97,,2016-02-04,160,84
282,保定,6.3,405,严重污染,10,,72,,2016-01-03,332,130
154,保定,3.5,237,重度污染,34,,73,,2016-01-04,204,72
24,保定,0.9,50,优,63,,29,,2015-12-03,50,24
89,保定,1.5,158,轻度污染,73,,54,,2015-11-03,118,94
51,保定,1,126,良,99,,19,,2015-10-03,88,66
18,保定,0.4,32,优,76,,10,,2015-09-03,38,26
89,保定,1.4,174,轻度污染,66,,23,,2015-08-03,118,32
35,白城,0.5,70,良,43,,40,,2015-02-05,60,17
95,白城,0.9,128,轻度污染,43,,48,,2015-01-04,125,26
67,保定,1.3,150,轻度污染,192,,47,,2014-06-05,129,27
27,保定,0.4,119,良,79,,3,,2014-05-04,84,14
37,保定,0.7,225,轻度污染,81,,19,,2014-04-04,137,29
127,保定,3.5,232,中度污染,54,,90,,2014-03-04,168,75
56,保定,1.9,106,良,71,,56,,2014-02-04,78,32
84,保定,1.6,137,轻度污染,59,,82,,2014-02-05,111,34
195,保定,3,306,重度污染,18,,118,,2014-01-04,245,98
30,北海,1.4,52,良,122,,11,,2014-10-04,68,13
9,北海,1.1,23,优,79,,8,,2014-09-04,40,14
7,北海,0.8,24,优,74,,16,,2014-08-04,37,7
13,北海,1,34,优,69,,10,,2014-07-04,35,6
10,北海,1,40,优,94,,13,,2014-06-04,47,10
13,北海,1,44,良,115,,10,,2014-05-04,63,6
45,北海,1.9,72,良,157,,13,,2014-04-04,98,15
37,北海,1.1,68,良,159,,10,,2014-04-05,99,8
26,北海,1.5,61,良,31,,10,,2014-03-04,56,7
28,保定,0.7,66,轻度污染,171,,23,,2015-07-03,110,32
31,北海,1.6,63,良,73,,8,,2014-02-04,56,11
144,北海,1.4,191,中度污染,142,,31,,2014-01-04,191,29
74,安阳,2.2,113,良,36,,88,,2014-03-05,99,54
103,安阳,3,111,轻度污染,54,,70,,2014-02-08,135,35
117,安阳,3.6,178,中度污染,34,,97,,2014-01-04,153,80
185,安阳,6.5,231,重度污染,46,,181,,2013-12-03,235,120
118,安阳,2.8,146,中度污染,85,,73,,2013-11-04,155,50
0,安阳,2.1,187,重度污染,323,,50,,2013-10-04,211,45
0,安阳,3.8,121,轻度污染,145,,112,,2013-09-04,106,70
3,安阳,1.4,113,中度污染,206,,10,,2013-08-04,182,30
3,安阳,1.6,58,中度污染,0,,11,,2013-07-04,187,31
3,安阳,2,115,良,0,,22,,2013-06-04,83,41
238,保定,3.9,379,重度污染,21,,122,,2013-12-06,288,105
99,北海,1.4,136,轻度污染,116,,21,,2013-12-06,130,31
3,安阳,1.8,130,良,0,,74,,2013-05-17,90,46
116,白城,1,144,中度污染,48,,12,,2016-11-04,152,38
282,白城,1.8,316,严重污染,90,,14,,2016-11-05,332,65
34,白城,0.4,52,良,41,,6,,2016-10-04,51,20
60,白城,0.8,84,良,134,,7,,2016-09-04,82,26
44,白城,0.8,61,良,126,,6,,2016-09-05,72,16
48,白城,0.8,83,良,112,,5,,2016-08-04,67,13
43,白城,0.6,84,良,98,,4,,2016-08-05,67,13
69,白城,0.8,90,良,154,,7,,2016-07-04,95,17
40,白城,0.5,48,良,110,,6,,2016-06-04,59,11
34,白城,0.6,87,良,101,,6,,2016-05-04,69,23
44,白城,0.6,83,良,110,,8,,2016-05-05,67,22
34,白城,0.6,58,良,66,,9,,2016-04-04,54,16
86,白城,1,123,轻度污染,67,,36,,2016-03-04,114,36
32,白城,0.4,58,良,71,,18,,2016-02-04,54,12
31,白城,0.4,46,优,52,,21,,2016-01-04,46,16
34,白城,0.5,42,优,36,,19,,2015-12-04,49,8
34,白城,0.5,36,优,33,,25,,2015-12-05,49,7
30,白城,0.3,66,良,73,,8,,2015-09-05,58,16
30,白城,0.3,56,良,72,,17,,2015-09-06,53,12
47,白城,0.3,68,良,87,,7,,2015-08-04,65,16
50,白城,0.4,72,良,98,,6,,2015-08-05,69,18
31,白城,0.3,43,良,104,,3,,2015-07-04,53,12
33,白城,0.3,52,良,131,,3,,2015-07-05,76,12
33,白城,0.3,85,良,112,,4,,2015-06-04,67,12
51,白城,0.5,70,良,133,,3,,2015-06-05,78,9
63,白城,0.5,74,良,128,,5,,2015-06-06,85,8
32,白城,0.2,65,良,104,,3,,2015-05-04,58,14
42,白城,0.2,174,轻度污染,83,,3,,2015-05-05,112,13
63,白城,0.2,69,良,71,,19,,2015-04-04,86,19
96,白城,0.9,121,轻度污染,97,,55,,2015-03-05,127,39
77,保定,0.9,141,轻度污染,114,,43,,2016-04-04,103,58
150,保定,2.5,213,中度污染,52,,52,,2016-03-04,200,73
50,保定,1,199,轻度污染,88,,37,,2016-03-05,125,47
130,保定,3.6,168,中度污染,68,,86,,2016-02-05,172,76
99,保定,2.6,137,轻度污染,77,,81,,2016-02-06,130,65
128,保定,3.2,186,中度污染,39,,99,,2016-01-05,169,66
186,保定,4.4,256,重度污染,30,,118,,2016-01-06,236,90
120,保定,3.1,179,中度污染,38,,86,,2015-12-04,158,72
124,保定,1.5,199,中度污染,50,,54,,2015-11-04,163,99
138,保定,1.4,242,中度污染,125,,31,,2015-10-04,183,95
33,保定,0.5,54,良,89,,11,,2015-09-04,52,29
33,保定,0.5,53,良,96,,10,,2015-09-05,52,17
31,保定,0.8,63,良,150,,21,,2015-08-04,92,30
27,白城,0.4,71,良,51,,28,,2015-02-06,60,10
38,白城,0.3,96,良,52,,26,,2015-02-07,73,4
59,白城,0.6,99,良,71,,27,,2015-01-05,80,16
34,白城,0.5,53,良,66,,46,,2015-01-06,52,10
57,白城,0.7,81,良,55,,46,,2015-01-07,77,20
86,保定,1.2,146,轻度污染,119,,78,,2014-06-06,113,36
26,保定,0.9,66,良,143,,28,,2014-06-07,86,25
40,保定,1,125,良,148,,35,,2014-06-08,90,32
34,保定,0.5,106,良,97,,12,,2014-05-05,78,31
37,保定,0.5,144,良,92,,20,,2014-04-05,97,23
68,保定,0.9,217,轻度污染,83,,46,,2014-04-06,133,43
47,保定,2.3,98,良,66,,61,,2014-03-05,74,49
146,保定,2.8,226,中度污染,63,,92,,2014-02-06,194,55
96,保定,1.7,131,轻度污染,44,,51,,2014-02-07,127,41
179,保定,3.4,322,重度污染,22,,121,,2014-01-05,229,114
153,保定,2.8,264,重度污染,17,,107,,2014-01-06,203,83
207,保定,3.1,317,重度污染,27,,115,,2014-01-07,257,91
39,北海,1.4,64,良,129,,11,,2014-10-05,74,11
58,北海,1.5,99,良,143,,15,,2014-10-06,86,16
10,北海,1.1,21,优,85,,8,,2014-09-05,43,13
8,北海,0.9,28,优,86,,16,,2014-08-05,43,8
13,北海,1,40,优,60,,8,,2014-07-05,40,8
8,北海,1.1,33,优,55,,9,,2014-07-06,33,10
12,北海,1.1,35,优,85,,12,,2014-06-05,43,11
17,北海,1.2,38,优,93,,12,,2014-05-05,47,8
20,北海,1.3,45,优,74,,10,,2014-05-06,45,8
21,北海,1.4,48,优,69,,11,,2014-05-07,48,7
14,北海,1.1,54,良,126,,10,,2014-04-06,72,6
25,北海,1,46,良,103,,13,,2014-04-07,53,8
28,北海,1.3,56,良,31,,8,,2014-03-05,53,5
28,北海,1.1,63,良,76,,10,,2014-03-06,56,5
28,保定,0.5,60,良,150,,23,,2015-07-04,92,28
56,保定,0.8,90,轻度污染,204,,20,,2015-07-05,140,31
16,北海,1.7,42,优,73,,7,,2014-02-05,42,6
13,北海,1.7,46,优,59,,8,,2014-02-06,46,6
149,北海,1.6,187,中度污染,165,,31,,2014-01-05,198,28
89,北海,1.3,130,轻度污染,152,,15,,2014-01-06,117,17
94,安阳,2,162,轻度污染,53,,110,,2014-03-06,124,60
61,安阳,2.7,0,良,64,,37,,2014-02-09,83,30
59,安阳,3.8,74,良,86,,38,,2014-02-10,95,39
85,安阳,2,90,轻度污染,56,,38,,2014-02-11,113,41
161,安阳,4.6,216,重度污染,31,,148,,2014-01-05,211,102
198,安阳,5.8,251,重度污染,16,,172,,2014-01-06,248,122
133,安阳,4.3,186,中度污染,32,,94,,2013-12-04,176,86
119,安阳,2.3,159,中度污染,53,,95,,2013-11-05,156,81
0,安阳,1.9,172,轻度污染,178,,38,,2013-10-05,117,53
0,安阳,2.8,230,轻度污染,146,,106,,2013-10-06,140,80
0,安阳,2.5,66,良,0,,75,,2013-0
41,安阳,1,76,良,108,,20,,2017-08-27,63,36
104,蚌埠,1,152,轻度污染,117,,25,,2017-03-12,133,40
40,蚌埠,0.7,105,良,76,,13,,2017-03-13,78,30
44,蚌埠,0.7,91,良,110,,25,,2017-03-14,70,45
53,蚌埠,0.8,96,良,128,,23,,2017-03-15,74,44
67,蚌埠,0.8,104,良,135,,23,,2017-03-16,87,42
85,蚌埠,0.9,123,轻度污染,151,,23,,2017-03-17,111,49
48,安阳,1.4,90,轻度污染,172,,15,,2017-07-25,111,32
53,安阳,1.4,88,良,155,,16,,2017-07-26,96,30
38,安阳,1.7,58,良,71,,14,,2017-07-27,54,38
37,安阳,2,56,良,96,,24,,2017-07-28,53,36
28,安阳,1.5,38,优,73,,10,,2017-07-29,43,34
48,安阳,2.2,81,良,145,,17,,2017-07-30,88,38
54,安阳,1.8,107,中度污染,236,,16,,2017-06-26,171,38
61,安阳,1.3,116,中度污染,244,,12,,2017-06-27,179,39
54,安阳,1.3,104,中度污染,216,,10,,2017-06-28,151,39
48,安阳,1.3,94,轻度污染,190,,13,,2017-06-29,128,40
71,蚌埠,1,137,良,61,,30,,2017-11-24,95,70
51,蚌埠,0.8,118,良,78,,26,,2017-11-25,84,64
84,蚌埠,1,143,轻度污染,69,,26,,2017-11-26,113,59
52,蚌埠,1,94,良,84,,26,,2017-11-27,71,54
76,蚌埠,1.2,122,轻度污染,51,,35,,2017-12-19,102,66
74,蚌埠,1,124,良,55,,28,,2017-12-20,99,64
76,蚌埠,1,123,轻度污染,69,,31,,2017-12-21,102,55
94,蚌埠,1.2,138,轻度污染,52,,35,,2017-12-22,124,77
187,蚌埠,1.7,236,重度污染,29,,38,,2017-12-23,237,104
152,蚌埠,1.4,220,重度污染,66,,25,,2017-12-24,202,62
59,蚌埠,0.9,129,良,68,,26,,2017-12-25,90,54
55,蚌埠,0.9,96,轻度污染,194,,22,,2017-09-17,130,43
58,蚌埠,1,110,轻度污染,190,,24,,2017-09-18,127,41
75,蚌埠,1.2,136,良,135,,32,,2017-09-19,98,41
65,蚌埠,0.9,85,良,102,,17,,2017-09-20,87,30
56,蚌埠,0.9,79,良,136,,24,,2017-09-21,80,32
50,蚌埠,0.7,85,良,119,,31,,2017-10-25,73,60
48,安阳,1.4,137,中度污染,258,,34,,2017-05-27,193,48
46,安阳,1.6,145,重度污染,286,,28,,2017-05-28,204,44
0,安阳,1.8,0,无,248,,27,,2017-05-29,0,41
0,安阳,1.6,0,无,240,,30,,2017-05-30,0,36
58,安阳,2.2,93,中度污染,261,,20,,2017-05-31,196,39
42,安阳,1.1,134,良,81,,32,,2017-04-25,92,42
61,安阳,1.8,124,良,134,,44,,2017-04-26,87,52
64,安阳,1.6,119,良,153,,35,,2017-04-27,95,48
56,安阳,1.2,127,良,157,,36,,2017-04-28,98,51
0,安阳,1.6,0,无,158,,46,,2017-04-29,0,54
50,安阳,1.4,75,良,41,,36,,2017-02-21,69,40
140,安阳,2.4,154,中度污染,32,,44,,2017-02-22,186,57
88,安阳,1.8,104,轻度污染,86,,36,,2017-02-23,117,46
72,安阳,2.5,115,良,78,,44,,2017-02-24,97,61
64,安阳,2.4,103,良,71,,47,,2017-02-25,87,60
74,安阳,2.4,113,良,67,,49,,2017-02-26,99,65
74,安阳,1.7,116,良,86,,40,,2017-02-27,99,54
67,安阳,1.2,79,良,65,,21,,2017-03-23,90,38
103,安阳,1.8,121,轻度污染,60,,28,,2017-03-24,135,53
74,安阳,1.8,116,良,78,,34,,2017-03-25,99,53
37,安阳,1.3,66,良,88,,38,,2017-03-26,58,39
70,安阳,1.5,120,良,85,,50,,2017-03-27,94,52
0,安阳,0,0,无,0,,52,,2017-01-27,0,41
0,安阳,0,0,无,0,,34,,2017-01-28,0,29
0,安阳,0,0,无,0,,66,,2017-01-29,0,44
40,安阳,1.2,66,良,78,,31,,2017-01-30,58,25
59,安阳,1.4,94,良,71,,36,,2017-01-31,80,27
134,安阳,2.5,145,中度污染,9,,41,,2016-12-26,178,64
130,安阳,2.8,164,中度污染,47,,51,,2016-12-27,172,63
193,安阳,2.9,249,重度污染,28,,44,,2016-12-28,243,60
236,安阳,4.5,314,重度污染,32,,71,,2016-12-29,286,74
228,安阳,2.7,282,重度污染,36,,46,,2016-12-30,278,68
327,安阳,5.6,420,严重污染,14,,58,,2016-12-31,377,89
73,安阳,1.7,109,良,40,,53,,2016-11-23,98,46
133,安阳,2,184,中度污染,36,,62,,2016-11-24,176,54
132,安阳,1.8,172,中度污染,32,,55,,2016-11-25,175,64
87,安阳,2,187,轻度污染,55,,66,,2016-11-26,119,62
98,安阳,2.7,218,轻度污染,50,,64,,2016-11-27,134,60
120,安阳,2.5,209,中度污染,49,,59,,2016-11-28,158,62
103,安阳,1.8,178,轻度污染,134,,45,,2016-10-19,135,56
102,安阳,1.8,173,轻度污染,22,,26,,2016-10-20,134,60
36,安阳,1.9,47,良,12,,32,,2016-10-21,63,50
33,安阳,1.8,60,良,17,,44,,2016-10-22,55,42
34,安阳,1.6,52,良,29,,33,,2016-10-23,58,46
34,安阳,2,115,良,47,,36,,2016-10-24,83,56,2018-08-24,42,11
17,北海,1,30,良,112,,8,,2018-08-25,60,11
13,北海,0.7,32,优,80,,7,,2018-06-26,40,10
8,北海,1,20,优,59,,7,,2018-06-27,30,13
8,北海,1,29,优,64,,6,,2018-06-28,32,11
7,北海,0.7,23,优,74,,7,,2018-07-26,37,9
8,北海,0.9,21,优,73,,7,,2018-07-27,37,9
5,北海,0.7,19,优,60,,7,,2018-07-28,30,8
6,北海,0.9,21,优,59,,7,,2018-07-29,30,10
6,北海,0.7,27,优,65,,7,,2018-07-30,33,8
7,北海,0.9,29,优,63,,7,,2018-07-31,32,9
12,北海,0.6,31,优,80,,7,,2018-05-21,40,12
9,北海,0.6,23,优,78,,7,,2018-05-22,39,10
7,北海,0.6,23,优,85,,6,,2018-05-23,43,11
6,北海,0.5,20,优,79,,6,,2018-05-24,40,9
6,北海,0.6,26,优,88,,6,,2018-05-25,44,8
7,北海,0.6,31,优,83,,6,,2018-05-26,42,9
7,北海,0.6,27,优,88,,6,,2018-05-27,44,11
19,北海,0.6,40,良,105,,8,,2018-04-23,55,12
27,北海,0.8,46,优,90,,10,,2018-04-24,46,16
20,北海,1.1,34,优,60,,12,,2018-04-25,34,20
29,北海,1.3,46,优,39,,8,,2018-04-26,46,20
14,北海,1.2,23,优,54,,8,,2018-04-27,30,15
26,北海,1.1,45,良,104,,9,,2018-04-28,54,14
47,北海,1.1,72,轻度污染,168,,15,,2018-03-22,108,22
43,北海,1,75,良,151,,13,,2018-03-23,93,18
27,北海,0.8,72,良,122,,9,,2018-03-24,69,12
29,北海,0.8,68,良,111,,8,,2018-03-25,60,13
32,北海,0.8,65,良,105,,11,,2018-03-26,58,15
20,北海,1.3,29,优,48,,8,,2018-02-25,33,12
26,北海,1,37,良,106,,8,,2018-02-26,55,11
24,北海,0.8,41,优,97,,8,,2018-02-27,49,9
36,北海,0.8,54,良,98,,7,,2018-02-28,52,12
81,北海,1.4,98,轻度污染,124,,16,,2017-12-24,108,21
72,北海,1.4,109,良,145,,18,,2017-12-25,97,36
87,北海,1.4,119,轻度污染,127,,21,,2017-12-26,115,33
104,北海,1.4,137,轻度污染,156,,26,,2017-12-27,137,33
98,北海,1.2,101,轻度污染,80,,10,,2017-12-28,129,27
65,北海,1.5,58,良,60,,9,,2018-01-30,88,17
55,北海,1.4,57,良,96,,9,,2018-01-31,75,14
87,安阳,2.4,140,轻度污染,41,,35,,2018-01-30,115,62
58,安阳,1.6,107,良,66,,39,,2018-01-31,79,53
60,安阳,1.5,146,良,57,,23,,2017-12-31,98,48
193,安阳,3.2,284,重度污染,48,,46,,2017-11-28,243,84
40,安阳,1.1,90,良,44,,21,,2017-11-29,70,40
76,安阳,1.7,122,轻度污染,52,,35,,2017-11-30,102,54
45,安阳,1.6,143,无,163,,28,,2017-09-22,0,47
0,安阳,1.8,0,无,170,,44,,2017-09-23,0,65
54,安阳,1.5,141,良,126,,32,,2017-09-24,96,60
72,安阳,1.3,139,良,85,,19,,2017-09-25,97,52
76,安阳,2.2,171,轻度污染,82,,27,,2017-09-26,111,57
70,安阳,1.4,159,轻度污染,64,,18,,2017-10-25,105,65
71,安阳,1.6,160,轻度污染,94,,16,,2017-10-26,105,58
72,安阳,2,156,轻度污染,92,,18,,2017-10-27,103,70
0,安阳,1.9,0,无,74,,19,,2017-10-28,0,60
16,安阳,0.7,50,优,68,,12,,2017-10-29,50,35
56,安阳,1.1,112,良,50,,22,,2017-10-30,81,60
95,安阳,1.6,168,轻度污染,18,,32,,2017-10-31,125,76
32,安阳,2,58,良,36,,22,,2017-08-28,65,52
77,蚌埠,0.8,104,轻度污染,122,,26,,2017-03-18,102,46
46,蚌埠,0.7,70,良,91,,20,,2017-03-19,62,37
41,蚌埠,0.8,52,良,89,,10,,2017-03-20,57,28
64,安阳,1.3,98,轻度污染,180,,14,,2017-07-31,119,32
57,安阳,1.3,104,轻度污染,209,,14,,2017-06-30,145,36
117,蚌埠,1.3,171,轻度污染,101,,22,,2017-11-28,148,63
66,蚌埠,1,140,良,36,,17,,2017-11-29,97,40
36,蚌埠,0.6,58,优,38,,13,,2017-11-30,37,38
93,蚌埠,1.2,157,轻度污染,55,,36,,2017-12-26,123,70
107,蚌埠,1.2,166,轻度污染,57,,42,,2017-12-27,140,80
120,蚌埠,1.4,175,中度污染,32,,28,,2017-12-28,158,77
160,蚌埠,1.7,193,重度污染,26,,18,,2017-12-29,210,71
229,蚌埠,2,271,重度污染,44,,17,,2017-12-30,279,72
200,蚌埠,1.9,283,重度污染,76,,30,,2017-12-31,250,74
42,蚌埠,0.9,69,良,111,,17,,2017-09-22,60,26
44,蚌埠,0.9,72,良,140,,19,,2017-09-23,83,29
24,蚌埠,0.8,33,优,58,,19,,2017-09-24,35,27
14,蚌埠,0.9,18,优,42,,13,,2017-09-25,46,36
81,蚌埠,1,126,轻度污染,145,,27,,2017-10-26,104,71
83,蚌埠,0.9,118,轻度污染,151,,26,,2017-10-27,109,62
108,蚌埠,1.1,146,轻度污染,140,,35,,2017-10-28,133,86
80,蚌埠,0.9,146,轻度污染,77,,19,,2017-10-29,109,56
32,蚌埠,0.6,69,良,79,,21,,2017-10-30,67,55
0,安阳,1.2,6,蚌埠,0.7,111,良,71,,16,,2017-02-17,90,30
62,蚌埠,0.8,108,良,84,,17,,2017-02-18,82,36
111,蚌埠,1.2,161,轻度污染,92,,20,,2017-02-19,143,45
39,蚌埠,0.7,54,良,65,,28,,2017-01-16,55,43
53,蚌埠,0.8,74,良,62,,36,,2017-01-17,70,53
94,蚌埠,1,113,轻度污染,60,,28,,2017-01-18,124,45
118,蚌埠,1.2,148,中度污染,63,,22,,2017-01-19,155,47
41,白城,0.4,68,良,88,,16,,2018-03-02,59,14
54,白城,0.4,112,良,102,,20,,2018-03-03,81,14
20,白城,0.2,35,优,96,,14,,2018-03-04,48,9
22,白城,0.3,28,优,99,,14,,2018-03-05,50,8
23,白城,0.4,35,优,94,,14,,2018-03-06,47,13
159,蚌埠,1.4,187,重度污染,53,,21,,2016-12-20,209,56
56,蚌埠,1.4,62,良,68,,12,,2016-12-21,77,34
137,蚌埠,1.8,170,中度污染,65,,20,,2016-12-22,182,42
124,蚌埠,2,167,中度污染,44,,29,,2016-12-23,163,60
58,蚌埠,1,78,良,52,,23,,2016-12-24,79,36
25,蚌埠,0.8,39,优,44,,16,,2016-12-25,47,37
37,蚌埠,1.2,46,良,48,,12,,2016-12-26,53,35
39,蚌埠,0.7,59,良,135,,13,,2017-08-15,79,27
36,蚌埠,0.7,57,良,143,,18,,2017-08-16,85,30
29,蚌埠,0.7,48,良,136,,15,,2017-08-17,80,20
28,蚌埠,0.6,50,良,101,,13,,2017-08-18,51,20
30,蚌埠,0.6,47,优,43,,12,,2017-08-19,47,24
32,蚌埠,0.7,44,良,122,,13,,2017-08-20,68,24
43,蚌埠,0.8,60,良,137,,16,,2017-08-21,80,33
25,蚌埠,0.5,40,良,106,,12,,2017-07-16,55,24
40,蚌埠,0.6,64,良,109,,18,,2017-07-17,58,36
43,蚌埠,0.6,72,良,142,,12,,2017-07-18,85,21
31,蚌埠,0.5,55,良,119,,11,,2017-07-19,65,18
29,蚌埠,0.5,55,良,124,,10,,2017-07-20,70,20
64,蚌埠,0.8,85,良,127,,18,,2017-06-22,87,23
51,蚌埠,0.8,79,良,130,,11,,2017-06-23,75,22
52,蚌埠,0.7,78,轻度污染,165,,14,,2017-06-24,104,30
50,蚌埠,0.8,79,轻度污染,181,,15,,2017-06-25,119,30
54,蚌埠,0.8,92,轻度污染,195,,16,,2017-06-26,131,35
68,蚌埠,0.8,109,轻度污染,213,,15,,2017-06-27,148,26
84,蚌埠,0.9,140,中度污染,226,,22,,2017-05-21,161,34
59,蚌埠,0.8,102,轻度污染,199,,26,,2017-05-22,135,31
44,蚌埠,0.8,72,良,82,,16,,2017-05-23,62,25
31,蚌埠,0.7,61,良,142,,17,,2017-05-24,85,34
18,白城,0.4,46,良,114,,10,,2018-05-07,62,12
20,白城,0.4,48,良,119,,8,,2018-05-08,66,12
21,白城,0.4,52,良,134,,10,,2018-05-09,79,25
43,蚌埠,0.8,104,良,160,,16,,2017-04-24,100,24
85,蚌埠,1.1,148,轻度污染,133,,30,,2017-04-25,114,54
54,蚌埠,0.7,88,良,152,,15,,2017-04-26,93,20
52,蚌埠,0.7,105,良,159,,21,,2017-04-27,99,53
25,保定,0.6,47,良,109,,8,,2018-08-31,58,33
46,保定,0.9,68,轻度污染,165,,10,,2018-07-29,105,20
47,保定,0.9,73,轻度污染,164,,18,,2018-07-30,104,24
47,保定,0.9,81,轻度污染,186,,47,,2018-07-31,124,33
20,白城,0.5,31,良,156,,6,,2018-06-11,97,8
16,白城,0.5,30,良,142,,4,,2018-06-12,85,9
30,保定,0.4,80,轻度污染,184,,19,,2018-05-30,122,48
52,保定,0.5,143,良,154,,14,,2018-04-27,97,35
80,保定,0.9,156,中度污染,262,,34,,2018-04-28,197,45
84,保定,1,143,轻度污染,190,,36,,2018-04-29,128,46
43,保定,0.5,86,良,154,,16,,2018-04-30,95,24
58,北海,1.2,67,良,112,,10,,2018-11-25,79,18
56,北海,1.2,69,良,114,,12,,2018-11-26,77,23
63,北海,1.4,73,良,96,,12,,2018-11-27,85,26
63,北海,1.4,71,良,102,,15,,2018-11-28,85,23
50,北海,1.2,60,良,100,,12,,2018-11-29,69,17
68,安阳,1.6,150,轻度污染,205,,28,,2016-06-19,141,41
58,安阳,1.8,100,轻度污染,172,,16,,2016-06-20,111,22
48,安阳,1.9,86,良,126,,11,,2016-06-21,72,23
59,安阳,2.3,127,轻度污染,202,,14,,2016-06-22,139,36
33,安阳,2.1,96,良,149,,13,,2016-06-23,91,42
27,安阳,1.7,79,良,122,,26,,2016-06-24,69,34
29,北海,1.2,48,优,97,,11,,2018-10-27,49,13
35,北海,1.2,59,良,127,,12,,2018-10-28,73,15
37,北海,1,64,良,127,,16,,2018-10-29,73,18
32,北海,1,59,良,109,,16,,2018-10-30,58,17
18,北海,1,29,优,74,,7,,2018-09-28,37,11
27,北海,1,41,良,108,,8,,2018-09-29,57,11
36,北海,1.2,57,良,123,,11,,2018-09-30,70,16
27,北海,1.2,43,良,139,,8,,2018-08-26,83,15
30,北海,1.2,48,良,108,,8,,2018-08-27,57,12
16,北海,1,24,优,62,,8,,2018-08-28,31,13
4,北海,1,18,优,69,,7,,2018-08-29,35,10
9,北海,0.9,36,优,8091,,2016-02-22,218,58
126,安阳,2.2,203,中度污染,64,,64,,2016-02-23,166,49
65,安阳,2,138,良,62,,65,,2016-02-24,94,49
147,安阳,3.9,274,中度污染,59,,122,,2016-02-25,196,79
89,安阳,3,190,轻度污染,62,,106,,2016-02-26,120,67
102,安阳,3.2,214,轻度污染,58,,98,,2016-02-27,134,67
56,安阳,2.2,119,良,58,,58,,2016-02-28,85,51
31,安阳,1.4,91,良,56,,42,,2016-02-29,71,39
15,白城,0.3,26,良,106,,4,,2018-08-21,55,14
43,白城,0.3,66,良,88,,4,,2018-07-20,60,7
41,白城,0.3,67,良,118,,5,,2018-07-21,65,6
10,白城,0.3,27,良,114,,8,,2018-07-22,62,6
14,白城,0.3,36,良,118,,6,,2018-07-23,65,9
16,白城,0.2,36,优,84,,8,,2018-07-24,42,6
30,白城,0.9,50,优,67,,20,,2018-01-05,50,28
18,白城,0.6,36,优,70,,13,,2018-01-06,36,20
26,白城,0.7,42,优,62,,16,,2018-01-07,42,22
14,白城,1,34,优,74,,12,,2018-01-08,37,15
26,白城,1.2,40,优,63,,13,,2018-01-09,40,21
30,白城,1.3,46,优,68,,14,,2018-01-10,46,24
39,白城,1.4,52,良,73,,22,,2018-01-11,55,28
68,保定,2,120,良,31,,32,,2018-01-01,92,72
64,保定,1.9,105,良,25,,33,,2018-01-02,87,66
56,保定,1.2,92,良,38,,30,,2018-01-03,77,58
81,蚌埠,0.9,155,轻度污染,71,,14,,2017-02-20,111,27
36,蚌埠,0.6,55,良,73,,14,,2017-02-21,54,23
96,蚌埠,1.1,109,轻度污染,71,,16,,2017-02-22,122,39
120,蚌埠,1.2,147,中度污染,100,,27,,2017-02-23,160,48
90,蚌埠,1,130,轻度污染,112,,26,,2017-02-24,117,67
85,蚌埠,1,134,轻度污染,123,,28,,2017-02-25,113,64
104,蚌埠,1.1,162,轻度污染,110,,36,,2017-02-26,133,73
37,蚌埠,0.7,98,良,70,,20,,2017-01-20,73,34
59,蚌埠,0.8,110,良,68,,23,,2017-01-21,80,43
82,蚌埠,1.1,129,轻度污染,62,,45,,2017-01-22,111,56
42,白城,0.5,54,良,89,,14,,2018-03-07,59,25
28,白城,0.4,37,优,96,,12,,2018-03-08,48,15
36,白城,0.4,45,良,124,,15,,2018-03-09,70,12
62,白城,0.6,75,良,128,,16,,2018-03-10,84,20
62,白城,0.7,80,良,98,,14,,2018-03-11,84,28
67,白城,0.8,102,良,103,,18,,2018-03-12,90,22
90,蚌埠,1.6,102,轻度污染,48,,24,,2016-12-27,119,51
58,蚌埠,1.1,80,良,75,,17,,2016-12-28,79,40
125,蚌埠,1.5,156,中度污染,63,,30,,2016-12-29,165,64
136,蚌埠,1.6,170,中度污染,77,,33,,2016-12-30,180,63
131,蚌埠,1.7,189,中度污染,71,,32,,2016-12-31,173,78
38,蚌埠,0.7,53,良,121,,16,,2017-08-22,67,26
36,蚌埠,0.7,61,良,140,,20,,2017-08-23,83,28
29,蚌埠,0.6,57,良,103,,11,,2017-07-21,53,20
37,蚌埠,0.7,70,良,147,,13,,2017-07-22,89,27
48,蚌埠,0.7,92,良,151,,15,,2017-07-23,92,31
48,蚌埠,0.8,91,良,144,,15,,2017-07-24,86,34
51,蚌埠,0.8,84,良,154,,13,,2017-07-25,95,32
56,蚌埠,0.8,95,良,160,,13,,2017-06-28,100,21
72,蚌埠,0.9,105,轻度污染,193,,12,,2017-06-29,130,18
55,蚌埠,0.7,83,良,134,,13,,2017-06-30,78,20
41,蚌埠,0.7,93,轻度污染,166,,20,,2017-05-25,105,45
56,蚌埠,0.8,112,中度污染,217,,26,,2017-05-26,152,35
48,蚌埠,0.8,108,轻度污染,182,,23,,2017-05-27,120,31
39,蚌埠,0.7,95,轻度污染,182,,22,,2017-05-28,120,28
45,蚌埠,0.8,102,中度污染,216,,20,,2017-05-29,151,26
56,蚌埠,0.8,129,轻度污染,193,,21,,2017-05-30,130,40
58,蚌埠,0.8,125,轻度污染,207,,17,,2017-05-31,142,35
21,白城,0.4,56,良,124,,10,,2018-05-10,70,20
22,白城,0.4,70,良,136,,9,,2018-05-11,80,14
47,白城,0.6,96,良,147,,9,,2018-05-12,90,11
46,白城,0.6,81,良,148,,10,,2018-05-13,90,14
52,白城,0.8,130,轻度污染,189,,14,,2018-05-14,127,17
0,白城,0.8,0,无,169,,12,,2018-05-15,0,15
24,白城,0.4,73,良,103,,8,,2018-05-16,62,10
45,蚌埠,0.7,118,轻度污染,167,,20,,2017-04-28,106,40
42,蚌埠,0.7,106,轻度污染,172,,16,,2017-04-29,110,31
43,蚌埠,0.7,102,轻度污染,164,,18,,2017-04-30,103,33
20,白城,0.5,33,良,150,,7,,2018-06-13,92,9
27,白城,0.5,48,良,157,,5,,2018-06-14,98,8
22,白城,0.5,33,良,146,,6,,2018-06-15,89,6
32,白城,0.5,51,良,110,,6,,2018-06-16,59,10
14,白城,0.5,28,良,124,,6,,2018-06-17,70,12
30,白城,0.5,62,良,99,,6,,2018-06-18,56,8
36,保定,0.4,86,轻度污染,215,,13,,2018-05-31,150,54
32,北海,1,50,良,111,,10,,2018-11-30,60,12
28,安阳,1.7,86,良,152,,42,,20164,34
82,保定,1,166,中度污染,219,,34,,2017-05-19,154,37
75,保定,1,143,中度污染,238,,32,,2017-05-20,173,45
80,保定,1,152,中度污染,238,,26,,2017-05-21,173,46
48,保定,0.9,70,良,81,,7,,2017-05-22,67,29
35,保定,0.6,59,良,137,,10,,2017-05-23,80,32
32,保定,0.6,76,良,140,,16,,2017-05-24,83,41
30,保定,0.6,96,良,153,,16,,2017-05-25,94,39
28,保定,0.5,68,良,86,,8,,2017-04-25,58,27
38,保定,0.7,90,良,114,,13,,2017-04-26,69,42
31,保定,0.6,81,良,112,,11,,2017-04-27,64,37
41,保定,0.7,103,良,116,,13,,2017-04-28,74,46
24,保定,0.5,42,良,104,,10,,2017-03-26,53,27
35,保定,0.6,62,良,110,,30,,2017-03-27,58,39
63,保定,1.5,104,良,52,,42,,2017-12-26,87,69
116,保定,2.3,163,轻度污染,26,,43,,2017-12-27,149,77
136,保定,2.8,194,中度污染,23,,40,,2017-12-28,179,87
208,保定,3.8,289,重度污染,10,,32,,2017-12-29,258,94
50,保定,1.1,94,良,60,,21,,2017-11-26,72,50
95,保定,1.8,151,轻度污染,33,,39,,2017-11-27,123,74
70,保定,1.5,128,良,52,,18,,2017-11-28,96,62
30,保定,0.8,58,良,59,,36,,2017-11-29,52,38
57,保定,1.6,101,良,11,,26,,2017-11-30,88,58
15,北海,0.9,27,优,83,,7,,2017-04-17,41,11
19,北海,1,29,优,99,,8,,2017-04-18,49,11
13,北海,0.8,26,优,79,,6,,2017-04-19,39,12
29,北海,1.1,49,良,106,,7,,2017-04-20,55,11
24,北海,1.1,39,优,94,,8,,2017-04-21,47,13
20,北海,1,39,优,90,,10,,2017-04-22,45,10
66,保定,0.8,134,轻度污染,165,,43,,2017-09-29,104,73
121,保定,1.2,204,中度污染,146,,47,,2017-09-30,155,68
37,蚌埠,0.6,52,良,94,,19,,2016-03-21,53,30
60,蚌埠,0.8,74,良,79,,16,,2016-03-22,82,27
41,蚌埠,0.6,62,良,80,,14,,2016-03-23,58,24
39,保定,0.8,88,良,64,,18,,2017-10-30,68,53
55,北海,1.3,87,良,150,,14,,2017-10-26,91,20
81,北海,1.4,112,轻度污染,163,,14,,2017-10-27,107,19
75,北海,1.4,109,轻度污染,174,,16,,2017-10-28,112,21
54,北海,1.2,82,良,155,,14,,2017-10-29,95,18
52,北海,1.2,81,良,158,,14,,2017-10-30,98,16
57,北海,1.2,91,良,159,,13,,2017-10-31,99,18
14,北海,1,34,优,87,,10,,2017-09-12,43,13
24,北海,1,46,优,89,,11,,2017-09-13,47,14
25,北海,0.9,48,优,87,,9,,2017-09-14,48,14
15,北海,0.8,32,优,75,,8,,2017-09-15,37,10
17,北海,0.8,41,优,68,,9,,2017-09-16,41,13
10,北海,0.7,27,优,73,,8,,2017-08-26,36,11
15,北海,0.8,32,优,80,,8,,2017-08-27,40,13
9,北海,0.8,21,优,60,,8,,2017-08-28,30,13
4,北海,0.6,15,优,40,,6,,2017-08-29,20,9
6,北海,0.8,24,优,63,,7,,2017-08-30,31,12
10,北海,0.9,28,优,73,,11,,2017-07-26,36,11
10,北海,0.8,25,优,73,,9,,2017-07-27,36,10
11,北海,0.9,25,优,86,,10,,2017-07-28,43,14
19,北海,1,42,良,116,,10,,2017-07-29,63,12
12,北海,0.7,32,优,82,,9,,2017-07-30,41,6
5,北海,0.7,31,优,63,,9,,2017-07-31,32,7
86,蚌埠,1.1,113,轻度污染,60,,32,,2016-11-24,114,50
95,蚌埠,1.1,128,轻度污染,37,,34,,2016-11-25,125,66
43,北海,1.3,62,良,136,,12,,2017-05-27,80,19
47,北海,1.3,64,轻度污染,178,,11,,2017-05-28,116,16
29,北海,1.1,48,良,139,,10,,2017-05-29,82,9
15,北海,1,29,优,75,,9,,2017-05-30,37,8
26,蚌埠,0.7,41,优,74,,11,,2016-10-27,41,30
44,蚌埠,0.8,60,良,54,,13,,2016-10-28,62,35
29,蚌埠,0.6,51,良,56,,13,,2016-10-29,55,44
39,蚌埠,0.8,71,良,68,,14,,2016-10-30,61,48
47,蚌埠,0.6,65,良,60,,12,,2016-10-31,65,29
54,蚌埠,0.7,89,轻度污染,184,,22,,2016-09-23,122,37
66,蚌埠,0.8,104,轻度污染,165,,20,,2016-09-24,105,34
42,蚌埠,0.8,77,良,119,,33,,2016-08-28,66,35
38,蚌埠,0.8,70,良,91,,23,,2016-08-29,60,34
40,蚌埠,0.8,82,良,127,,22,,2016-08-30,73,44
55,蚌埠,0.8,135,良,125,,26,,2016-08-31,93,40
70,白城,1.4,96,良,36,,24,,2017-12-28,92,30
36,白城,0.9,52,良,55,,20,,2017-12-29,52,26
61,白城,1,80,良,51,,22,,2017-12-30,82,30
108,白城,1.5,127,轻度污染,50,,22,,2017-12-31,137,38
86,保定,1,149,轻度污染,180,,30,,2018-03-26,119,50
88,保定,1,181,轻度污染,124,,33,,2018-03-27,117,47
0,保定,0.9,0,无,87,,18,,2018-03-28,0,53
27,保定,0.7,100,良,104,,20,,2018-03-29,75,33
36,保定,0.7,77,良,121,,19,,2018-03-30,68,43
112,保定,1.2,205,轻度污染,163,,28,6,安阳,3.5,354,严重污染,50,,79,,2015-02-25,316,57
156,安阳,2.8,214,重度污染,40,,87,,2015-02-26,206,54
34,安阳,1.1,68,良,37,,62,,2015-02-27,59,31
34,安阳,1.4,86,良,34,,44,,2015-02-28,68,34
16,北海,1,33,优,86,,6,,2017-03-22,43,7
26,北海,1.1,45,优,100,,6,,2017-03-23,50,8
20,北海,1.1,37,优,83,,6,,2017-03-24,41,7
14,北海,1.4,24,优,69,,8,,2017-03-25,34,10
20,白城,0.5,74,良,78,,5,,2017-04-10,53,10
14,白城,0.5,44,优,77,,6,,2017-04-11,44,10
18,白城,0.5,44,优,92,,7,,2017-04-12,46,18
22,白城,0.5,68,良,84,,7,,2017-04-13,59,18
18,白城,0.5,44,优,95,,6,,2017-04-14,47,16
23,白城,0.5,71,良,108,,6,,2017-04-15,61,12
28,北海,1,45,优,87,,6,,2017-02-21,45,9
22,北海,0.9,35,优,84,,7,,2017-02-22,42,11
31,北海,1,48,优,76,,9,,2017-02-23,49,13
38,北海,1,48,良,82,,8,,2017-02-24,53,11
31,北海,1.1,38,优,79,,9,,2017-02-25,44,12
36,北海,1,48,良,109,,9,,2017-02-26,57,12
73,北海,1.2,89,良,128,,9,,2017-01-22,97,17
27,北海,1.2,45,良,112,,14,,2016-12-27,60,13
44,北海,1.1,60,良,128,,15,,2016-12-28,74,17
54,北海,1.2,78,良,138,,18,,2016-12-29,82,20
55,北海,1.3,79,良,140,,15,,2016-12-30,84,23
62,北海,1.5,82,良,149,,15,,2016-12-31,91,24
9,北海,0.5,20,优,65,,11,,2016-11-22,33,11
10,北海,0.8,21,优,36,,10,,2016-11-23,21,15
11,北海,0.7,16,优,43,,7,,2016-11-24,22,12
6,北海,0.8,8,优,37,,7,,2016-11-25,20,13
9,北海,0.8,17,优,86,,7,,2016-11-26,43,9
20,北海,0.7,36,良,113,,11,,2016-11-27,61,12
17,北海,0.9,28,优,91,,10,,2016-10-21,46,11
20,北海,0.9,36,良,139,,12,,2016-10-22,83,14
30,北海,0.9,49,良,113,,12,,2016-10-23,61,14
15,北海,0.6,26,优,66,,10,,2016-10-24,33,8
10,北海,0.5,22,优,60,,8,,2016-10-25,30,6
16,北海,0.5,28,优,66,,8,,2016-10-26,33,6
10,北海,0.4,22,优,76,,9,,2016-10-27,38,9
23,白城,0.5,35,良,110,,8,,2017-07-10,58,18
15,白城,0.4,30,良,116,,8,,2017-07-11,63,18
16,白城,0.5,40,良,109,,6,,2017-07-12,57,18
18,白城,0.5,34,良,135,,6,,2017-07-13,79,17
19,白城,0.5,32,优,97,,8,,2017-07-14,48,28
26,北海,0.9,38,优,80,,8,,2016-08-28,40,11
38,北海,1,58,良,86,,11,,2016-08-29,54,16
30,北海,0.8,49,良,126,,13,,2016-09-23,72,13
12,北海,0.6,27,优,79,,10,,2016-09-24,40,10
14,北海,0.6,29,优,73,,11,,2016-09-25,37,10
25,北海,0.7,45,良,109,,10,,2016-09-26,58,13
23,北海,0.7,43,良,113,,11,,2016-09-27,61,15
43,北海,0.8,68,良,134,,15,,2016-09-28,79,14
17,北海,0.7,32,良,113,,11,,2016-09-29,61,9
7,北海,0.6,22,优,65,,8,,2016-07-22,33,8
8,北海,0.6,23,优,44,,8,,2016-07-23,23,7
9,北海,0.7,23,优,64,,8,,2016-07-24,32,7
15,北海,0.8,30,优,73,,10,,2016-07-25,37,12
16,北海,0.7,33,优,81,,11,,2016-07-26,41,12
105,安阳,2.1,176,轻度污染,37,,80,,2015-01-17,138,63
43,安阳,1.5,162,轻度污染,43,,74,,2015-01-18,106,48
65,安阳,2,157,轻度污染,37,,92,,2015-01-19,104,58
157,安阳,3.1,252,重度污染,16,,148,,2015-01-20,207,89
104,安阳,2.6,168,轻度污染,40,,120,,2015-01-21,137,70
109,安阳,1.9,166,轻度污染,39,,68,,2015-01-22,143,60
171,安阳,2.8,246,重度污染,26,,126,,2015-01-23,221,95
17,北海,0.9,30,良,101,,4,,2016-06-17,51,9
13,北海,0.8,26,优,93,,6,,2016-05-20,47,9
44,蚌埠,0.6,120,良,89,,23,,2016-04-17,85,62
36,蚌埠,0.5,76,良,132,,20,,2016-04-18,77,50
40,蚌埠,0.7,84,良,139,,26,,2016-04-19,83,54
47,蚌埠,0.8,66,良,112,,23,,2016-04-20,90,72
83,蚌埠,0.9,133,轻度污染,118,,20,,2016-04-21,110,55
50,蚌埠,0.7,94,良,110,,22,,2016-04-22,72,52
31,蚌埠,0.6,53,良,101,,21,,2016-06-29,52,31
32,蚌埠,0.5,58,良,76,,20,,2016-06-30,54,24
68,蚌埠,0.9,107,轻度污染,175,,31,,2016-05-26,114,54
35,蚌埠,0.6,49,良,118,,14,,2016-05-27,65,34
126,安阳,5,265,中度污染,26,,116,,2015-12-29,166,89
172,安阳,6.3,331,重度污染,34,,144,,2015-12-30,222,99
106,安阳,5,221,轻度污染,57,,120,,2015-12-31,139,64
58,安阳,1.6,92,良,34,,27,,2015-11-19,79,45
73,安阳,2,108,良,19,,24,,2015-11-20,98,50
39,安阳,2.8,49,良,9,,34,,2015-11-21,71,48
26,安阳,2.4,35,良,17,,45,,2015-11-22,61,48
40,安阳,2,58,良,26,,58